City_ID,City,Lat,Lng,Max Temp,Humidity,Cloudiness,Wind Speed,Country,Date
0,Arraial Do Cabo,-22.9661,-42.0278,69.55,82,9,25.52,BR,2021-08-08 22:57:40
1,Verkhoyansk,67.5447,133.385,74.39,32,8,4.61,RU,2021-08-08 22:57:41
2,Thompson,55.7435,-97.8558,69.96,73,40,9.22,CA,2021-08-08 22:55:31
3,Longyearbyen,78.2186,15.6401,40.84,93,75,6.91,SJ,2021-08-08 22:57:41
4,Barrow,71.2906,-156.7887,39.22,88,90,10.36,US,2021-08-08 22:57:41
5,East London,-33.0153,27.9116,63.68,68,37,15.77,ZA,2021-08-08 22:57:42
6,Ruwi,23.5996,58.5507,86.7,76,17,6.89,OM,2021-08-08 22:57:42
7,Pocone,-16.2567,-56.6228,83.86,26,8,4.09,BR,2021-08-08 22:57:42
8,Mombetsu,44.3525,143.3525,65.25,89,100,13.06,JP,2021-08-08 22:57:43
9,Sao Sebastiao,-23.76,-45.4097,65.46,79,13,4.0,BR,2021-08-08 22:57:43
10,Atuona,-9.8,-139.0333,77.77,79,23,21.03,PF,2021-08-08 22:57:43
11,Vaini,-21.2,-175.2,73.56,78,75,2.3,TO,2021-08-08 22:57:44
12,Rikitea,-23.1203,-134.9692,74.52,75,1,12.21,PF,2021-08-08 22:57:30
13,Canutama,-6.5339,-64.3831,85.5,38,49,1.01,BR,2021-08-08 22:57:44
14,Hilo,19.7297,-155.09,79.25,68,22,8.39,US,2021-08-08 22:57:45
15,Muyezerskiy,63.9333,31.65,54.28,99,100,5.86,RU,2021-08-08 22:57:45
16,Jamestown,42.097,-79.2353,80.37,72,76,3.0,US,2021-08-08 22:56:43
17,Busselton,-33.65,115.3333,53.1,57,100,22.41,AU,2021-08-08 22:57:45
18,Santa Lucia,27.9117,-15.5407,65.52,68,20,19.57,ES,2021-08-08 22:57:46
19,Victoria,22.2855,114.1577,85.32,90,100,7.83,HK,2021-08-08 22:55:31
20,Hervey Bay,-25.2986,152.8535,67.03,74,82,11.16,AU,2021-08-08 22:57:46
21,Rio Grande,-32.035,-52.0986,61.77,83,94,8.28,BR,2021-08-08 22:57:46
22,Bajos De Haina,18.4154,-70.0332,80.33,85,75,0.0,DO,2021-08-08 22:57:47
23,Kruisfontein,-34.0033,24.7314,53.89,89,100,6.85,ZA,2021-08-08 22:57:47
24,Ushuaia,-54.8,-68.3,42.46,61,40,9.22,AR,2021-08-08 22:54:08
25,San Carlos De Bariloche,-41.1456,-71.3082,46.15,34,0,0.0,AR,2021-08-08 22:57:47
26,Shostka,51.863,33.4698,62.44,85,5,7.34,UA,2021-08-08 22:56:17
27,Avarua,-21.2078,-159.775,77.05,69,90,12.66,CK,2021-08-08 22:57:48
28,Aginskoye,51.1,114.53,60.15,85,96,5.1,RU,2021-08-08 22:57:48
29,Buala,-8.145,159.5921,82.74,71,34,4.03,SB,2021-08-08 22:57:49
30,Castro,-24.7911,-50.0119,61.74,58,99,4.0,BR,2021-08-08 22:57:49
31,Lavrentiya,65.5833,-171.0,48.36,68,44,15.19,RU,2021-08-08 22:57:49
32,Pangody,65.85,74.4859,53.67,89,5,13.96,RU,2021-08-08 22:57:49
33,Anadyr,64.75,177.4833,55.9,58,20,15.66,RU,2021-08-08 22:57:50
34,Bluff,-46.6,168.3333,40.8,78,96,14.83,NZ,2021-08-08 22:57:50
35,Bredasdorp,-34.5322,20.0403,53.28,87,100,13.8,ZA,2021-08-08 22:57:50
36,Berlevag,70.8578,29.0864,57.83,68,8,9.48,NO,2021-08-08 22:57:51
37,San Policarpo,12.1791,125.5072,79.23,83,100,3.65,PH,2021-08-08 22:57:51
38,Dauriya,49.9333,116.8667,63.91,79,96,3.71,RU,2021-08-08 22:57:51
39,Asfi,32.2994,-9.2372,67.46,79,0,14.27,MA,2021-08-08 22:57:52
40,Kuusamo,65.9667,29.1833,57.24,77,40,11.5,FI,2021-08-08 22:57:52
41,San Patricio,28.017,-97.5169,93.29,58,35,18.9,US,2021-08-08 22:57:52
42,Koslan,63.4564,48.8989,52.77,76,100,5.23,RU,2021-08-08 22:57:53
43,Anloga,5.7947,0.8973,77.22,90,84,15.28,GH,2021-08-08 22:57:53
44,Te Anau,-45.4167,167.7167,37.02,88,75,1.52,NZ,2021-08-08 22:57:53
45,Manzhouli,49.6,117.4333,62.74,86,99,4.83,CN,2021-08-08 22:57:54
46,Bundaberg,-24.85,152.35,67.21,81,90,4.0,AU,2021-08-08 22:57:54
47,Talnakh,69.4865,88.3972,60.91,61,1,4.23,RU,2021-08-08 22:57:54
48,Chokurdakh,70.6333,147.9167,65.73,43,57,14.41,RU,2021-08-08 22:57:55
49,Saldanha,-33.0117,17.9442,55.45,89,100,19.77,ZA,2021-08-08 22:57:55
50,Vila Franca Do Campo,37.7167,-25.4333,72.01,88,43,11.03,PT,2021-08-08 22:57:56
51,Mataura,-46.1927,168.8643,40.48,92,89,5.37,NZ,2021-08-08 22:57:56
52,Upernavik,72.7868,-56.1549,41.14,86,100,3.78,GL,2021-08-08 22:57:56
53,Mishkino,55.3389,63.9175,61.77,92,96,9.78,RU,2021-08-08 22:57:57
54,Port Alfred,-33.5906,26.891,59.58,83,50,14.52,ZA,2021-08-08 22:54:11
55,Geraldton,-28.7667,114.6,63.01,82,75,16.11,AU,2021-08-08 22:57:57
56,Burnie,-41.0667,145.9167,51.93,86,70,3.74,AU,2021-08-08 22:57:57
57,Kiama,-34.6833,150.8667,49.48,63,99,8.9,AU,2021-08-08 22:57:58
58,Batouri,4.4333,14.3667,66.69,99,67,3.27,CM,2021-08-08 22:57:58
59,Albany,42.6001,-73.9662,83.05,64,22,5.88,US,2021-08-08 22:57:58
60,Yellowknife,62.456,-114.3525,55.92,50,75,9.22,CA,2021-08-08 22:57:59
61,Iqaluit,63.7506,-68.5145,42.53,93,90,5.75,CA,2021-08-08 22:57:59
62,Bambous Virieux,-20.3428,57.7575,68.22,100,75,4.61,MU,2021-08-08 22:57:59
63,Punta Arenas,-53.15,-70.9167,42.91,70,90,18.41,CL,2021-08-08 22:58:00
64,Kapaa,22.0752,-159.319,84.18,67,54,5.01,US,2021-08-08 22:58:00
65,Jackson,42.4165,-122.8345,90.75,30,0,5.99,US,2021-08-08 22:53:49
66,Carutapera,-1.195,-46.02,75.29,91,6,5.93,BR,2021-08-08 22:58:00
67,Dingle,10.9995,122.6711,77.63,89,100,1.7,PH,2021-08-08 22:58:01
68,Sangar,63.9242,127.4739,65.07,41,4,11.12,RU,2021-08-08 22:58:01
69,Broome,42.2506,-75.833,83.17,70,39,3.0,US,2021-08-08 22:58:02
70,Krasnoselkup,65.7,82.4667,54.41,70,15,9.78,RU,2021-08-08 22:58:02
71,Khilok,51.3674,110.4676,54.18,84,10,2.89,RU,2021-08-08 22:58:02
72,Durres,41.3231,19.4414,73.58,61,5,6.02,AL,2021-08-08 22:58:03
73,Ancud,-41.8697,-73.8203,47.73,82,13,4.07,CL,2021-08-08 22:58:03
74,Codrington,-38.2667,141.9667,49.14,74,100,12.03,AU,2021-08-08 22:58:04
75,Ahipara,-35.1667,173.1667,49.77,77,95,19.73,NZ,2021-08-08 22:58:04
76,Camargo,27.6667,-105.1667,94.1,22,74,7.7,MX,2021-08-08 22:58:04
77,Korla,41.7597,86.1469,76.28,39,99,10.22,CN,2021-08-08 22:58:04
78,Alofi,-19.0595,-169.9187,76.89,88,100,9.22,NU,2021-08-08 22:58:05
79,Changde,29.0464,111.6783,82.92,91,100,3.09,CN,2021-08-08 22:58:05
80,Leningradskiy,69.3833,178.4167,40.66,75,29,18.14,RU,2021-08-08 22:58:06
81,Portland,45.5234,-122.6762,81.37,44,46,1.01,US,2021-08-08 22:54:41
82,Zhigansk,66.7697,123.3711,66.27,33,77,13.33,RU,2021-08-08 22:58:06
83,Husavik,66.0449,-17.3389,53.51,86,38,2.35,IS,2021-08-08 22:57:14
84,Tuktoyaktuk,69.4541,-133.0374,48.2,76,75,8.05,CA,2021-08-08 22:58:07
85,Peniche,39.3558,-9.3811,65.73,88,0,15.57,PT,2021-08-08 22:53:38
86,Saskylakh,71.9167,114.0833,60.44,64,100,6.98,RU,2021-08-08 22:58:07
87,Kutum,14.2,24.6667,68.81,77,52,11.16,SD,2021-08-08 22:58:07
88,Winchester,51.0651,-1.3187,60.48,87,77,9.6,GB,2021-08-08 22:58:08
89,College,64.8569,-147.8028,65.59,79,100,1.01,US,2021-08-08 22:58:08
90,Clyde River,70.4692,-68.5914,44.83,81,75,12.66,CA,2021-08-08 22:58:08
91,Port Hedland,-20.3167,118.5667,55.45,67,6,5.75,AU,2021-08-08 22:58:09
92,Manyana,-23.4,21.7167,59.29,24,0,9.19,BW,2021-08-08 22:58:09
93,Alice Springs,-23.7,133.8833,40.55,48,0,4.61,AU,2021-08-08 22:56:34
94,Lata,40.1629,-8.3327,60.82,96,1,2.44,PT,2021-08-08 22:58:09
95,Vilhena,-12.7406,-60.1458,80.82,41,0,3.44,BR,2021-08-08 22:58:10
96,Dikson,73.5069,80.5464,42.42,95,1,6.71,RU,2021-08-08 22:58:10
97,Ilo,-17.6394,-71.3375,59.05,82,58,9.26,PE,2021-08-08 22:58:11
98,Noumea,-22.2763,166.4572,71.58,52,76,10.96,NC,2021-08-08 22:58:11
99,Butaritari,3.0707,172.7902,83.73,61,53,11.03,KI,2021-08-08 22:58:11
100,Zemio,5.0314,25.1361,68.07,96,100,2.37,CF,2021-08-08 22:58:12
101,Balboa,2.0396,-77.2168,65.62,85,66,3.29,CO,2021-08-08 22:58:12
102,Kununurra,-15.7667,128.7333,57.18,62,0,2.3,AU,2021-08-08 22:58:12
103,Kabinda,-6.1333,24.4833,69.62,32,52,2.26,CD,2021-08-08 22:58:12
104,Ulaangom,49.9811,92.0667,58.8,71,97,1.25,MN,2021-08-08 22:58:13
105,Huanren,41.2647,125.3667,72.97,71,2,0.51,CN,2021-08-08 22:58:13
106,Kiunga,-6.1219,141.2906,73.92,98,100,2.51,PG,2021-08-08 22:58:13
107,Port Macquarie,-31.4333,152.9167,51.76,66,100,4.72,AU,2021-08-08 22:57:38
108,Saint-Philippe,-21.3585,55.7679,66.22,85,32,9.53,RE,2021-08-08 22:58:14
109,Adamovka,51.5223,59.9396,60.21,74,0,7.81,RU,2021-08-08 22:58:14
110,Alekseyevsk,57.8406,108.3492,56.44,75,75,1.32,RU,2021-08-08 22:58:15
111,Cape Town,-33.9258,18.4232,55.11,93,75,3.0,ZA,2021-08-08 22:54:18
112,Montes Altos,-5.8333,-47.0667,81.79,35,13,4.97,BR,2021-08-08 22:54:08
113,Umm Kaddadah,13.6017,26.6876,81.91,54,90,11.86,SD,2021-08-08 22:58:15
114,Fortuna,40.5982,-124.1573,89.19,67,20,1.01,US,2021-08-08 22:58:16
115,Kavieng,-2.5744,150.7967,83.14,73,97,10.67,PG,2021-08-08 22:58:16
116,Grapevine,32.9343,-97.0781,97.23,46,6,3.0,US,2021-08-08 22:58:16
117,Mbanza-Ngungu,-5.25,14.8667,69.26,57,36,4.79,CD,2021-08-08 22:58:17
118,Deputatskiy,69.3,139.9,65.41,49,55,3.24,RU,2021-08-08 22:58:17
119,Margate,51.3813,1.3862,59.92,83,44,4.0,GB,2021-08-08 22:58:17
120,Ilulissat,69.2167,-51.1,37.67,94,100,7.11,GL,2021-08-08 22:58:18
121,Lagoa,39.05,-27.9833,71.67,87,11,19.44,PT,2021-08-08 22:58:18
122,Djougou,9.7085,1.666,70.0,96,98,3.69,BJ,2021-08-08 22:58:18
123,Provideniya,64.3833,-173.3,48.31,71,75,11.18,RU,2021-08-08 22:58:19
124,Port Lincoln,-34.7333,135.8667,55.15,55,22,16.6,AU,2021-08-08 22:58:19
125,New Norfolk,-42.7826,147.0587,47.91,80,39,3.29,AU,2021-08-08 22:58:19
126,Uarini,-2.99,-65.1083,80.11,67,60,1.68,BR,2021-08-08 22:58:20
127,Lishui,28.4604,119.9103,78.42,84,83,1.79,CN,2021-08-08 22:58:20
128,Tuatapere,-46.1333,167.6833,40.82,93,98,4.9,NZ,2021-08-08 22:58:21
129,Ponta Do Sol,32.6667,-17.1,71.01,74,28,3.22,PT,2021-08-08 22:58:21
130,Nioki,-2.7167,17.6833,78.82,44,86,2.75,CD,2021-08-08 22:58:21
131,Santa Maria,-29.6842,-53.8069,69.1,78,0,5.75,BR,2021-08-08 22:55:45
132,Beinamar,8.6698,15.3813,70.63,91,99,1.68,TD,2021-08-08 22:58:22
133,Constitucion,-35.3333,-72.4167,48.51,71,100,2.82,CL,2021-08-08 22:58:22
134,Muros,42.7762,-9.0603,63.23,84,99,5.53,ES,2021-08-08 22:58:22
135,Avera,33.194,-82.5271,92.68,72,90,8.88,US,2021-08-08 22:58:23
136,Grindavik,63.8424,-22.4338,58.95,94,0,16.11,IS,2021-08-08 22:58:23
137,Kolyshley,52.7005,44.5367,71.98,45,100,7.58,RU,2021-08-08 22:58:24
138,Bethel,41.3712,-73.414,79.03,77,92,4.09,US,2021-08-08 22:58:24
139,Yar-Sale,66.8333,70.8333,52.88,61,100,15.79,RU,2021-08-08 22:58:24
140,Rundu,-17.9333,19.7667,56.37,21,5,3.42,NA,2021-08-08 22:58:25
141,Liverpool,53.4106,-2.9779,59.83,79,47,1.99,GB,2021-08-08 22:57:16
142,Naqadeh,36.9553,45.388,74.84,27,6,4.09,IR,2021-08-08 22:58:25
143,Hermanus,-34.4187,19.2345,53.91,86,100,17.4,ZA,2021-08-08 22:54:11
144,Pisco,-13.7,-76.2167,64.45,72,40,16.11,PE,2021-08-08 22:54:52
145,Hithadhoo,-0.6,73.0833,79.81,77,99,3.38,MV,2021-08-08 22:58:26
146,Tasiilaq,65.6145,-37.6368,42.46,94,100,19.71,GL,2021-08-08 22:58:26
147,Otjimbingwe,-22.35,16.1333,58.41,32,38,1.01,NA,2021-08-08 22:58:26
148,Miyang,24.4042,103.4428,67.8,98,100,0.78,CN,2021-08-08 22:58:27
149,Padang,-0.9492,100.3543,77.67,86,83,3.24,ID,2021-08-08 22:58:27
150,Puerto Ayora,-0.7393,-90.3518,75.16,86,45,7.0,EC,2021-08-08 22:58:27
151,Ak-Dovurak,51.1833,90.6,55.17,84,82,0.49,RU,2021-08-08 22:58:28
152,Georgetown,5.4112,100.3354,82.89,85,20,5.75,MY,2021-08-08 22:55:32
153,Bay City,43.5945,-83.8889,86.67,68,1,6.91,US,2021-08-08 22:56:46
154,Salamiyah,35.0113,37.0532,75.83,62,0,15.84,SY,2021-08-08 22:58:28
155,Buffalo,42.8865,-78.8784,82.15,69,90,5.44,US,2021-08-08 22:58:29
156,Wagar,16.1525,36.2032,82.54,66,100,12.08,SD,2021-08-08 22:58:29
157,Grandview,38.8858,-94.533,87.57,68,42,3.0,US,2021-08-08 22:58:30
158,Cabo San Lucas,22.8909,-109.9124,91.62,69,100,4.25,MX,2021-08-08 22:57:40
159,Half Moon Bay,37.4636,-122.4286,95.58,70,1,1.01,US,2021-08-08 22:58:30
160,Cejkovice,48.9059,16.9423,63.45,90,99,4.74,CZ,2021-08-08 22:58:30
161,Pak Thong Chai,14.7226,102.0251,76.33,88,84,5.7,TH,2021-08-08 22:58:31
162,Luoyang,34.6836,112.4536,75.31,85,20,5.12,CN,2021-08-08 22:58:31
163,Finschhafen,-6.6024,147.8681,79.45,80,82,10.51,PG,2021-08-08 22:58:31
164,Tiksi,71.6872,128.8694,50.41,73,55,4.34,RU,2021-08-08 22:58:32
165,Coquimbo,-29.9533,-71.3436,56.93,76,0,9.22,CL,2021-08-08 22:58:32
166,Chapais,49.7834,-74.8492,71.38,46,95,6.26,CA,2021-08-08 22:58:32
167,Dwarka,22.2394,68.9678,80.83,75,86,12.55,IN,2021-08-08 22:58:33
168,Mar Del Plata,-38.0023,-57.5575,50.02,71,0,9.22,AR,2021-08-08 22:55:59
169,Pak Phanang,8.3511,100.202,79.09,80,92,4.76,TH,2021-08-08 22:58:33
170,Faya,18.3851,42.4509,77.52,44,54,3.94,SA,2021-08-08 22:58:34
171,Fairbanks,64.8378,-147.7164,66.09,78,100,1.99,US,2021-08-08 22:58:34
172,Buraydah,26.326,43.975,93.65,14,87,9.71,SA,2021-08-08 22:58:34
173,Kaitangata,-46.2817,169.8464,41.56,80,90,10.49,NZ,2021-08-08 22:58:34
174,Kailaras,26.3167,77.6167,80.73,89,99,5.39,IN,2021-08-08 22:58:35
175,Waycross,31.2136,-82.354,91.63,66,40,6.91,US,2021-08-08 22:58:35
176,Mahebourg,-20.4081,57.7,68.25,100,75,4.61,MU,2021-08-08 22:55:07
177,Aksu,41.1231,80.2644,73.38,42,3,2.28,CN,2021-08-08 22:58:36
178,Chuy,-33.6971,-53.4616,57.34,96,100,11.7,UY,2021-08-08 22:58:36
179,Challapata,-18.9,-66.7667,49.44,32,13,2.53,BO,2021-08-08 22:58:36
180,Coahuayana,18.7333,-103.6833,87.48,71,51,8.66,MX,2021-08-08 22:58:37
181,Saint-Paul,-21.0096,55.2707,66.74,74,5,1.21,RE,2021-08-08 22:58:37
182,Dunedin,-45.8742,170.5036,41.81,72,86,3.0,NZ,2021-08-08 22:58:15
183,Prado,-17.3411,-39.2208,69.58,78,8,7.54,BR,2021-08-08 22:58:38
184,Karratha,-20.7377,116.8463,66.83,55,33,5.95,AU,2021-08-08 22:58:38
185,Novyy Svit,47.8059,38.0211,70.83,74,100,3.56,UA,2021-08-08 22:58:38
186,Roura,4.7263,-52.3274,82.31,83,0,6.91,GF,2021-08-08 22:58:39
187,Quatre Cocos,-20.2078,57.7625,68.09,88,92,20.0,MU,2021-08-08 22:58:39
188,Mae Sot,16.7167,98.5667,74.95,95,100,2.24,TH,2021-08-08 22:58:39
189,Yarmouth,41.7057,-70.2286,78.96,84,93,1.01,US,2021-08-08 22:58:40
190,Turayf,31.6725,38.6637,77.25,44,0,11.5,SA,2021-08-08 22:58:40
191,Piacabucu,-10.4056,-36.4344,72.23,80,37,8.43,BR,2021-08-08 22:58:40
192,Port Elizabeth,-33.918,25.5701,57.49,88,0,9.22,ZA,2021-08-08 22:58:40
193,Bacolod,10.6667,122.95,78.26,83,96,5.46,PH,2021-08-08 22:58:39
194,Urengoy,65.9667,78.3667,54.66,73,3,9.4,RU,2021-08-08 22:58:41
195,Toamasina,-18.1667,49.3833,62.6,94,20,2.3,MG,2021-08-08 22:58:41
196,Amberley,39.2048,-84.428,88.2,59,22,3.0,US,2021-08-08 22:58:42
197,Mandiana,10.6333,-8.6833,72.99,93,97,3.42,GN,2021-08-08 22:58:42
198,Hobart,-42.8794,147.3294,48.25,80,34,3.0,AU,2021-08-08 22:58:42
199,Delta Del Tigre,-34.7633,-56.3853,51.21,92,90,11.01,UY,2021-08-08 22:58:43
200,Ternate,0.8,127.4,80.1,79,70,4.18,ID,2021-08-08 22:58:43
201,Kosai,34.7105,137.5316,84.92,90,97,20.22,JP,2021-08-08 22:58:43
202,Amga,60.8953,131.9608,65.08,40,74,6.91,RU,2021-08-08 22:58:44
203,Sorong,-0.8833,131.25,78.31,84,100,3.09,ID,2021-08-08 22:58:44
204,Laguna,38.421,-121.4238,104.22,32,1,4.0,US,2021-08-08 22:58:44
205,Airai,-8.9266,125.4092,59.94,74,25,2.13,TL,2021-08-08 22:58:45
206,Kosa,59.9445,54.9977,47.05,97,65,3.76,RU,2021-08-08 22:58:45
207,Okhotsk,59.3833,143.3,64.11,69,24,7.83,RU,2021-08-08 22:58:45
208,Kristiinankaupunki,62.2743,21.376,60.98,81,100,7.67,FI,2021-08-08 22:58:46
209,Carnarvon,-24.8667,113.6333,64.47,81,75,14.97,AU,2021-08-08 22:58:46
210,Bairiki,1.3292,172.9752,86.0,66,20,9.22,KI,2021-08-08 22:58:46
211,Lasa,46.6166,10.7002,56.35,91,27,2.01,IT,2021-08-08 22:58:46
212,Belidzhi,41.8918,48.4125,84.38,53,39,4.21,RU,2021-08-08 22:58:47
213,Mount Isa,-20.7333,139.5,65.97,26,0,4.61,AU,2021-08-08 22:58:47
214,Ostrovnoy,68.0531,39.5131,49.42,78,0,7.63,RU,2021-08-08 22:58:48
215,Esna,25.2934,32.554,95.02,21,0,10.69,EG,2021-08-08 22:58:48
216,Flinders,-34.5833,150.8552,53.2,63,100,7.83,AU,2021-08-08 22:58:48
217,Taoudenni,22.6783,-3.9836,101.7,9,10,13.13,ML,2021-08-08 22:58:49
218,Bilibino,68.0546,166.4372,58.89,34,81,1.5,RU,2021-08-08 22:58:49
219,Ribeira Grande,38.5167,-28.7,72.77,87,60,15.59,PT,2021-08-08 22:58:49
220,Qaanaaq,77.484,-69.3632,40.14,73,19,3.18,GL,2021-08-08 22:58:50
221,Tiarei,-17.5333,-149.3333,84.22,75,13,11.18,PF,2021-08-08 22:58:50
222,San Cristobal,7.7669,-72.225,75.38,97,92,1.99,VE,2021-08-08 22:54:38
223,Shingu,33.7333,135.9833,79.92,92,96,24.58,JP,2021-08-08 22:58:51
224,Glyadyanskoye,54.9075,65.0883,56.39,97,9,6.85,RU,2021-08-08 22:58:51
225,Pangai,-19.8,-174.35,78.91,61,40,4.61,TO,2021-08-08 22:58:51
226,Aklavik,68.2191,-135.0107,56.12,42,8,4.23,CA,2021-08-08 22:58:51
227,Tilichiki,60.4667,166.1,58.89,48,91,13.56,RU,2021-08-08 22:58:52
228,Yanam,16.7333,82.2167,82.44,80,99,2.82,IN,2021-08-08 22:58:52
229,Pevek,69.7008,170.3133,37.94,79,19,11.61,RU,2021-08-08 22:58:52
230,Omboue,-1.5746,9.2618,73.08,87,56,7.25,GA,2021-08-08 22:58:53
231,Lebu,-37.6167,-73.65,44.82,82,5,5.86,CL,2021-08-08 22:58:53
232,Amahai,-3.3333,128.9167,77.9,83,97,2.06,ID,2021-08-08 22:58:53
233,Cherskiy,68.75,161.3,60.19,33,36,1.39,RU,2021-08-08 22:58:54
234,Hasaki,35.7333,140.8333,86.4,79,64,21.72,JP,2021-08-08 22:58:54
235,Bowen,-20.0167,148.2333,68.22,67,23,12.77,AU,2021-08-08 22:58:54
236,Richards Bay,-28.783,32.0377,66.16,58,1,12.3,ZA,2021-08-08 22:58:55
237,Veraval,20.9,70.3667,81.18,78,100,8.5,IN,2021-08-08 22:58:55
238,Ritchie,-29.038,24.6028,56.41,27,67,8.95,ZA,2021-08-08 22:58:55
239,Comodoro Rivadavia,-45.8667,-67.5,44.46,53,0,3.44,AR,2021-08-08 22:58:56
240,Cidreira,-30.1811,-50.2056,60.22,91,1,10.33,BR,2021-08-08 22:58:56
241,Halifax,44.6453,-63.5724,73.4,79,100,1.01,CA,2021-08-08 22:55:34
242,Nanortalik,60.1432,-45.2371,43.23,90,34,12.62,GL,2021-08-08 22:58:57
243,Changji,44.0167,87.3167,77.79,33,0,2.24,CN,2021-08-08 22:58:57
244,Umea,63.8284,20.2597,60.73,100,90,6.91,SE,2021-08-08 22:58:58
245,Yongan,39.6957,113.6871,64.17,81,1,1.12,CN,2021-08-08 22:58:58
246,Ndago,-4.6,34.35,66.74,49,70,7.27,TZ,2021-08-08 22:58:58
247,Oskemen,49.9565,82.6119,57.16,88,20,8.95,KZ,2021-08-08 22:58:59
248,Robertsport,6.7533,-11.3686,79.11,76,99,14.32,LR,2021-08-08 22:58:59
249,Alto Araguaia,-17.3147,-53.2153,71.29,36,51,4.32,BR,2021-08-08 22:58:59
250,Lompoc,34.6391,-120.4579,82.22,67,9,5.01,US,2021-08-08 22:59:00
251,Touros,-5.1989,-35.4608,77.9,81,35,15.79,BR,2021-08-08 22:59:00
252,Jiblah,13.9216,44.1467,68.18,52,95,5.08,YE,2021-08-08 22:59:00
253,Chase,50.8165,-119.6857,77.88,45,93,4.54,CA,2021-08-08 22:59:01
254,Mbulu,-3.85,35.5333,53.92,81,36,5.57,TZ,2021-08-08 22:59:01
255,Katsuura,35.1333,140.3,86.11,86,85,24.74,JP,2021-08-08 22:59:02
256,Lekoni,-1.5843,14.2591,77.54,60,48,9.75,GA,2021-08-08 22:59:02
257,Sur,22.5667,59.5289,86.94,60,10,10.13,OM,2021-08-08 22:59:02
258,Saint-Nazaire,47.2833,-2.2,63.03,86,0,10.36,FR,2021-08-08 22:59:03
259,Kirensk,57.7853,108.1119,55.99,72,66,1.32,RU,2021-08-08 22:59:03
260,Nikolskoye,59.7035,30.7861,64.29,97,100,4.56,RU,2021-08-08 22:59:04
261,Yumen,40.2833,97.2,68.61,22,0,7.36,CN,2021-08-08 22:59:04
262,Haapiti,-17.5667,-149.8667,83.93,70,19,6.73,PF,2021-08-08 22:59:04
263,Puerto Madero,14.7208,-92.4215,82.76,71,58,3.87,MX,2021-08-08 22:59:05
264,Puerto Carreno,6.189,-67.4859,79.59,79,66,6.6,CO,2021-08-08 22:59:05
265,Esperance,-33.8667,121.9,58.84,75,1,20.58,AU,2021-08-08 22:59:05
266,Grand Gaube,-20.0064,57.6608,68.38,89,85,3.0,MU,2021-08-08 22:59:06
267,Binga,-17.6203,27.3414,62.76,46,0,3.85,ZW,2021-08-08 22:59:06
268,Les Escoumins,48.1111,-69.0236,63.16,68,76,6.82,CA,2021-08-08 22:59:07
269,Dukat,62.55,155.55,54.59,57,7,8.63,RU,2021-08-08 22:59:07
270,Byron Bay,-28.65,153.6167,65.05,64,100,8.9,AU,2021-08-08 22:59:07
271,Xai-Xai,-25.0519,33.6442,60.69,69,1,10.29,MZ,2021-08-08 22:55:07
272,Vanimo,-2.6741,141.3028,76.69,89,99,6.15,PG,2021-08-08 22:59:08
273,Saint George,37.1041,-113.5841,104.47,11,0,1.99,US,2021-08-08 22:59:08
274,Ligayan,4.6533,119.4706,83.08,74,100,6.38,PH,2021-08-08 22:59:09
275,Silifke,36.3778,33.9344,83.7,51,0,8.55,TR,2021-08-08 22:59:09
276,Guerrero Negro,27.9769,-114.0611,78.78,60,5,15.37,MX,2021-08-08 22:59:09
277,Healdsburg,38.6105,-122.8692,101.1,48,0,5.99,US,2021-08-08 22:59:10
278,Gorontalo,0.5412,123.0595,75.96,91,97,2.66,ID,2021-08-08 22:59:10
279,Nelson Bay,-32.7167,152.15,58.95,85,100,10.96,AU,2021-08-08 22:59:11
280,Turbat,26.0023,63.044,80.73,78,3,6.35,PK,2021-08-08 22:59:11
281,Senanga,-16.1167,23.2667,59.04,34,0,5.21,ZM,2021-08-08 22:59:11
282,Port Hardy,50.6996,-127.4199,62.78,77,90,9.22,CA,2021-08-08 22:59:12
283,Khatanga,71.9667,102.5,52.16,72,100,11.3,RU,2021-08-08 22:59:12
284,Nortelandia,-14.4547,-56.8028,81.28,33,14,4.9,BR,2021-08-08 22:59:13
285,Cayenne,4.9333,-52.3333,82.44,81,0,5.01,GF,2021-08-08 22:59:13
286,Angoche,-16.2325,39.9086,69.69,74,0,7.67,MZ,2021-08-08 22:59:13
287,Isangel,-19.55,169.2667,73.51,68,75,6.91,VU,2021-08-08 22:59:14
288,Komsomolskiy,40.4272,71.7189,77.72,31,0,6.91,UZ,2021-08-08 22:59:14
289,Asau,46.4333,26.4,61.72,67,2,2.95,RO,2021-08-08 22:59:15
290,Conceicao Do Araguaia,-8.2578,-49.2647,86.13,39,0,3.44,BR,2021-08-08 22:59:15
291,Bathsheba,13.2167,-59.5167,83.01,78,20,18.41,BB,2021-08-08 22:59:16
292,Malmo,55.6059,13.0007,62.89,85,83,13.0,SE,2021-08-08 22:59:16
293,Sistranda,63.7256,8.834,55.36,82,9,8.48,NO,2021-08-08 22:59:16
294,Pundaguitan,6.3711,126.1689,80.89,69,100,2.57,PH,2021-08-08 22:59:16
295,Baykit,61.67,96.37,57.85,88,98,1.63,RU,2021-08-08 22:59:17
296,Palmer,42.1584,-72.3287,80.51,71,83,1.01,US,2021-08-08 22:59:17
297,Havoysund,70.9963,24.6622,63.48,70,44,11.3,NO,2021-08-08 22:59:17
298,Campagna,40.6653,15.1059,80.62,69,83,1.01,IT,2021-08-08 22:59:18
299,Bara,10.3744,10.7288,74.73,87,98,10.13,NG,2021-08-08 22:59:18
300,Qaqortoq,60.7167,-46.0333,44.19,85,8,14.61,GL,2021-08-08 22:59:19
301,Zyryanka,65.75,150.85,66.2,52,9,10.63,RU,2021-08-08 22:59:19
302,Smirnykh,49.75,142.8333,52.7,84,100,0.76,RU,2021-08-08 22:59:19
303,Norman Wells,65.282,-126.8329,55.44,62,75,12.66,CA,2021-08-08 22:59:20
304,Vostok,46.4856,135.8833,54.45,84,100,5.03,RU,2021-08-08 22:59:20
305,Bereda,43.2686,-7.5406,56.95,100,72,2.04,ES,2021-08-08 22:59:20
306,Ishigaki,24.3448,124.1572,80.73,100,75,2.3,JP,2021-08-08 22:59:21
307,Zhangye,38.9342,100.4517,68.54,37,0,5.99,CN,2021-08-08 22:59:21
308,Darhan,49.4867,105.9228,55.72,78,2,2.89,MN,2021-08-08 22:59:21
309,Namatanai,-3.6667,152.4333,82.22,72,63,7.09,PG,2021-08-08 22:59:22
310,Hofn,64.2539,-15.2082,55.9,76,15,2.19,IS,2021-08-08 22:59:22
311,Les Cayes,18.2,-73.75,83.23,70,51,4.65,HT,2021-08-08 22:59:22
312,Bani,18.2833,-70.3333,79.86,67,6,13.04,DO,2021-08-08 22:59:23
313,Brighton,50.8284,-0.1395,62.22,76,83,13.0,GB,2021-08-08 22:57:38
314,Houston,29.7633,-95.3633,94.33,62,1,8.99,US,2021-08-08 22:59:23
315,Fuzhou,26.0614,119.3061,82.29,95,40,0.89,CN,2021-08-08 22:59:23
316,Swan River,52.1058,-101.2676,82.29,34,53,14.97,CA,2021-08-08 22:59:24
317,Wanlaweyn,2.6185,44.8938,75.07,83,100,14.76,SO,2021-08-08 22:59:24
318,Fare,-16.7,-151.0167,79.39,74,12,12.21,PF,2021-08-08 22:59:24
319,Bonthe,7.5264,-12.505,77.43,77,100,8.1,SL,2021-08-08 22:59:25
320,Hamilton,39.1834,-84.5333,88.88,59,23,1.01,US,2021-08-08 22:55:22
321,Ust-Uda,54.1742,103.0304,54.37,59,81,1.66,RU,2021-08-08 22:59:25
322,Cockburn Town,21.4612,-71.1419,84.16,70,40,17.27,TC,2021-08-08 22:59:20
323,Zaria,11.1113,7.7227,70.57,93,94,6.98,NG,2021-08-08 22:59:26
324,Rodrigues Alves,-7.738,-72.6509,89.8,47,44,2.1,BR,2021-08-08 22:59:26
325,San Matias,-16.3667,-58.4,83.8,28,17,6.15,BO,2021-08-08 22:59:26
326,Nome,64.5011,-165.4064,57.16,81,100,13.87,US,2021-08-08 22:59:27
327,Vitim,59.4511,112.5578,51.94,98,100,2.71,RU,2021-08-08 22:59:27
328,Labuhan,-6.8844,112.2051,77.09,88,41,7.78,ID,2021-08-08 22:59:27
329,Lethem,3.3803,-59.7968,77.13,88,100,2.73,GY,2021-08-08 22:59:28
330,Shimoda,34.6667,138.95,82.51,93,66,20.49,JP,2021-08-08 22:59:28
331,Khartoum,15.5518,32.5324,79.02,87,85,9.15,SD,2021-08-08 22:59:28
332,Posse,-14.0931,-46.3694,70.95,36,0,9.51,BR,2021-08-08 22:59:29
333,Coro,11.4045,-69.6734,80.91,69,80,14.81,VE,2021-08-08 22:59:29
334,Faanui,-16.4833,-151.75,78.96,77,20,12.91,PF,2021-08-08 22:59:29
335,Fuyu,45.1833,124.8167,69.69,76,20,8.81,CN,2021-08-08 22:59:30
336,Acapulco,16.8634,-99.8901,85.14,70,65,8.59,MX,2021-08-08 22:57:35
337,Nalut,30.3333,10.85,91.92,15,0,13.62,LY,2021-08-08 22:59:31
338,Kerouane,9.2667,-9.0167,69.64,99,100,2.89,GN,2021-08-08 22:59:31
339,Odder,55.9731,10.153,60.96,90,58,14.07,DK,2021-08-08 22:59:31
340,Sitka,57.0531,-135.33,61.56,75,100,8.34,US,2021-08-08 22:59:32
341,Kuala Terengganu,5.3302,103.1408,76.95,94,20,2.3,MY,2021-08-08 22:59:32
342,Beringovskiy,63.05,179.3167,43.72,85,100,21.36,RU,2021-08-08 22:59:32
343,Ponta Delgada,37.7333,-25.6667,72.32,88,40,18.41,PT,2021-08-08 22:59:33
344,Nouadhibou,20.931,-17.0347,69.78,88,3,16.11,MR,2021-08-08 22:59:33
345,Oksfjord,70.2396,22.3479,63.52,71,79,9.71,NO,2021-08-08 22:59:33
346,Fort Nelson,58.8053,-122.7002,71.19,56,75,3.44,CA,2021-08-08 22:59:34
347,Bengkulu,-3.8004,102.2655,75.88,87,55,3.51,ID,2021-08-08 22:59:34
348,Arcachon,44.5875,-1.0519,59.32,94,0,2.3,FR,2021-08-08 22:59:34
349,Gazanjyk,39.2446,55.5154,87.15,17,0,14.03,TM,2021-08-08 22:59:35
350,Bichura,50.5881,107.6022,55.45,82,32,3.33,RU,2021-08-08 22:59:35
351,Hanna,51.6334,-111.9018,67.51,55,95,3.0,CA,2021-08-08 22:59:36
352,Sao Miguel Do Araguaia,-13.275,-50.1628,78.24,32,4,3.74,BR,2021-08-08 22:59:36
353,Wawa,9.9022,4.4192,73.09,95,94,7.76,NG,2021-08-08 22:59:36
354,Namibe,-15.1961,12.1522,63.34,81,44,6.08,AO,2021-08-08 22:59:36
355,Grenville,12.1167,-61.6167,80.65,77,100,14.05,GD,2021-08-08 22:59:37
356,Bambanglipuro,-7.95,110.2833,74.7,91,10,4.12,ID,2021-08-08 22:56:49
357,Aketi,2.7388,23.7833,69.39,97,46,2.15,CD,2021-08-08 22:59:37
358,Samana,19.2056,-69.3369,80.56,84,24,8.61,DO,2021-08-08 22:59:37
359,Montes Claros,-16.735,-43.8617,69.58,49,0,6.91,BR,2021-08-08 22:59:38
360,Orshanka,56.9161,47.8933,62.35,82,77,8.05,RU,2021-08-08 22:59:38
361,Lazaro Cardenas,17.9583,-102.2,84.87,70,89,7.49,MX,2021-08-08 22:59:39
362,Brae,60.3964,-1.353,57.11,92,100,7.65,GB,2021-08-08 22:59:39
363,Ekibastuz,51.6667,75.3667,61.72,81,49,9.22,KZ,2021-08-08 22:59:39
364,Nantucket,41.2835,-70.0995,78.26,81,83,11.99,US,2021-08-08 22:59:40
365,Souillac,-20.5167,57.5167,68.36,100,75,4.61,MU,2021-08-08 22:59:40
366,Kodiak,57.79,-152.4072,58.89,61,63,8.57,US,2021-08-08 22:59:40
367,Marzuq,14.4,46.4667,86.97,26,91,2.01,YE,2021-08-08 22:59:41
368,Lashio,22.9333,97.75,69.48,100,100,0.81,MM,2021-08-08 22:59:41
369,Nizhniy Tsasuchey,50.5167,115.1333,62.55,80,100,4.09,RU,2021-08-08 22:59:41
370,Central Point,42.376,-122.9164,89.42,30,0,10.0,US,2021-08-08 22:59:41
371,Tekeli,44.83,78.8239,66.76,36,3,11.77,KZ,2021-08-08 22:59:42
372,Landeck,47.1301,10.5636,55.76,95,100,1.3,AT,2021-08-08 22:59:42
373,Pravda,46.9396,142.009,59.0,81,100,14.25,RU,2021-08-08 22:59:43
374,Petropavlovsk-Kamchatskiy,53.0452,158.6483,59.59,67,40,4.47,RU,2021-08-08 22:59:43
375,Sola,-13.8833,167.55,74.07,94,90,0.0,VU,2021-08-08 22:59:43
376,Honningsvag,70.9821,25.9704,56.26,73,11,13.76,NO,2021-08-08 22:59:44
377,Chicomuselo,15.7667,-92.2667,80.4,81,78,3.06,MX,2021-08-08 22:59:44
378,Mufumbwe,-13.6833,24.8,55.83,36,0,5.01,ZM,2021-08-08 22:59:44
379,Buzmeyin,38.0507,58.2056,87.53,19,0,4.61,TM,2021-08-08 22:59:45
380,Uni,57.7535,51.4923,55.11,65,42,5.91,RU,2021-08-08 22:59:45
381,Saint-Augustin,51.226,-58.6502,58.84,69,3,7.58,CA,2021-08-08 22:58:07
382,Betare Oya,5.6,14.0833,65.28,98,89,3.29,CM,2021-08-08 22:59:45
383,Wucheng,29.6008,118.175,79.18,84,66,1.81,CN,2021-08-08 22:59:46
384,Sovetsk,55.0839,21.8785,58.73,93,21,5.59,RU,2021-08-08 22:59:46
385,Lucapa,-8.4192,20.7447,68.45,21,79,0.98,AO,2021-08-08 22:59:46
386,Sao Jose Da Coroa Grande,-8.8978,-35.1478,73.98,85,72,8.55,BR,2021-08-08 22:59:47
387,Turukhansk,65.8167,87.9833,56.03,62,21,6.15,RU,2021-08-08 22:59:47
388,Togur,58.3631,82.8265,63.25,81,95,2.84,RU,2021-08-08 22:59:47
389,Aswan,24.0934,32.907,96.1,14,0,6.91,EG,2021-08-08 22:59:48
390,Santa Isabel Do Rio Negro,-0.4139,-65.0192,74.32,93,61,1.9,BR,2021-08-08 22:59:48
391,Chemodanovka,53.2316,45.2474,69.84,51,100,5.41,RU,2021-08-08 22:59:48
392,Vaitape,-16.5167,-151.75,78.94,77,21,12.82,PF,2021-08-08 22:59:49
393,Rawson,-43.3002,-65.1023,45.73,59,0,6.55,AR,2021-08-08 22:59:49
394,Coihaique,-45.5752,-72.0662,40.95,70,20,4.61,CL,2021-08-08 22:59:49
395,Tamiahua,21.2667,-97.45,86.76,66,2,13.53,MX,2021-08-08 22:59:50
396,Den Helder,52.9599,4.7593,63.07,94,90,13.8,NL,2021-08-08 22:56:51
397,Itabira,-19.6192,-43.2269,59.47,75,86,2.21,BR,2021-08-08 22:59:50
398,Kamenka,51.3223,42.7678,77.52,28,100,8.66,RU,2021-08-08 22:59:50
399,Goundam,16.4145,-3.6708,86.52,51,87,9.8,ML,2021-08-08 22:59:51
400,Guozhen,34.3659,107.359,73.45,76,22,3.18,CN,2021-08-08 22:59:51
401,Lampang,18.3333,99.5,74.08,91,100,2.48,TH,2021-08-08 22:59:51
402,Lorengau,-2.0226,147.2712,82.76,76,68,8.9,PG,2021-08-08 22:59:52
403,Iquitos,-3.7481,-73.2472,82.44,74,75,2.3,PE,2021-08-08 22:59:52
404,Miri,4.4148,114.0089,77.14,88,40,4.61,MY,2021-08-08 22:59:52
405,Wenling,28.3669,121.36,80.19,82,82,1.99,CN,2021-08-08 22:59:53
406,Porkhov,57.765,29.5561,64.29,72,99,6.58,RU,2021-08-08 22:59:53
407,Puerto Colombia,10.9878,-74.9547,84.29,80,100,18.68,CO,2021-08-08 22:59:53
408,Bay Roberts,47.5999,-53.2648,57.33,90,99,7.0,CA,2021-08-08 22:59:54
409,Ilinskoye-Khovanskoye,56.9718,39.7684,61.93,84,44,3.51,RU,2021-08-08 22:59:54
410,Kieta,-6.2167,155.6333,82.4,69,36,2.42,PG,2021-08-08 22:59:54
411,Qiongshan,20.0058,110.3542,82.38,89,0,4.47,CN,2021-08-08 22:59:55
412,Evensk,61.95,159.2333,62.46,46,29,10.89,RU,2021-08-08 22:59:55
413,Sayyan,15.1718,44.3244,64.0,58,77,2.57,YE,2021-08-08 22:59:55
414,Kavali,14.9167,79.9833,85.28,68,91,5.95,IN,2021-08-08 22:59:56
415,Pringsewu,-5.3582,104.9744,73.13,98,71,0.25,ID,2021-08-08 22:59:56
416,Shitkino,56.3703,98.3543,56.03,70,53,2.37,RU,2021-08-08 22:59:56
417,Rio Gallegos,-51.6226,-69.2181,44.65,53,0,14.97,AR,2021-08-08 22:59:56
418,Kholodnyy,62.7167,147.95,58.41,57,0,2.62,RU,2021-08-08 22:59:57
419,Umm Lajj,25.0213,37.2685,87.35,71,0,3.83,SA,2021-08-08 22:59:57
420,Longkou,37.6508,120.3286,76.41,68,100,0.92,CN,2021-08-08 22:59:57
421,Viedma,-40.8135,-62.9967,43.63,63,87,6.35,AR,2021-08-08 22:59:58
422,Port Blair,11.6667,92.75,81.79,83,100,9.66,IN,2021-08-08 22:59:58
423,Governador Dix-Sept Rosado,-5.4577,-37.5209,80.89,48,87,13.13,BR,2021-08-08 22:59:59
424,Horta,38.5333,-28.6333,71.96,87,62,14.72,PT,2021-08-08 22:56:38
425,Taganak,6.0833,118.3,78.94,78,90,10.78,PH,2021-08-08 22:59:59
426,Broken Hill,-31.95,141.4333,46.11,71,0,9.22,AU,2021-08-08 22:59:59
427,Ormara,25.2088,64.6357,79.43,80,98,7.18,PK,2021-08-08 23:00:00
428,Blackfoot,43.1905,-112.345,91.36,14,1,25.32,US,2021-08-08 23:00:00
429,Luderitz,-26.6481,15.1594,54.86,86,81,7.56,NA,2021-08-08 23:00:01
430,Sabha,27.0377,14.4283,90.3,16,0,11.12,LY,2021-08-08 23:00:01
431,Zhangzhou,24.5133,117.6556,80.49,94,88,0.65,CN,2021-08-08 23:00:01
432,Auki,-8.7676,160.7034,81.34,77,31,2.01,SB,2021-08-08 23:00:03
433,Skrunda,56.6833,22.0167,64.06,97,39,6.06,LV,2021-08-08 23:00:04
434,Saint-Georges,12.0564,-61.7485,80.28,83,40,0.0,GD,2021-08-08 22:56:49
435,Beipiao,41.7919,120.7792,71.89,76,100,0.76,CN,2021-08-08 23:00:05
436,Dubuque,42.4833,-90.8668,84.51,56,98,13.71,US,2021-08-08 23:00:06
437,Sarangani,5.4033,125.4636,81.77,68,99,2.95,PH,2021-08-08 23:00:06
438,Ambilobe,-13.2,49.05,69.82,85,99,1.34,MG,2021-08-08 23:00:07
439,Bayanday,53.0661,105.5139,52.68,66,6,0.98,RU,2021-08-08 23:00:08
440,San Pedro,14.35,121.0167,81.36,87,93,5.08,PH,2021-08-08 23:00:08
441,Nishihara,26.1842,127.7558,80.26,94,75,11.5,JP,2021-08-08 23:00:09
442,Nhulunbuy,-12.2333,136.7667,77.61,78,90,10.36,AU,2021-08-08 23:00:09
443,Brenham,30.1669,-96.3977,93.63,65,36,15.21,US,2021-08-08 23:00:10
444,Palembang,-2.9167,104.7458,73.94,97,60,3.74,ID,2021-08-08 23:00:10
445,Caravelas,-17.7125,-39.2481,68.7,82,1,6.78,BR,2021-08-08 23:00:11
446,Sao Filipe,14.8961,-24.4956,79.02,85,28,3.53,CV,2021-08-08 23:00:12
447,Sabang,5.8933,95.3214,82.54,78,88,14.29,ID,2021-08-08 23:00:13
448,Olafsvik,64.8945,-23.7142,56.48,80,100,9.17,IS,2021-08-08 23:00:13
449,Mantua,45.1667,10.7833,74.44,68,22,0.94,IT,2021-08-08 23:00:14
450,Port-Gentil,-0.7193,8.7815,75.07,83,31,11.79,GA,2021-08-08 23:00:14
451,Kingisepp,59.3733,28.6134,62.51,74,100,5.99,RU,2021-08-08 23:00:15
452,Naze,28.3667,129.4833,79.48,82,7,11.59,JP,2021-08-08 23:00:15
453,Umm Bab,25.2142,50.8072,92.75,54,2,5.55,QA,2021-08-08 23:00:16
454,Roebourne,-20.7833,117.1333,66.65,51,34,5.82,AU,2021-08-08 23:00:16
455,Mareeba,-17.0,145.4333,71.44,74,34,5.7,AU,2021-08-08 23:00:16
456,Luau,-10.7073,22.2247,64.71,22,14,3.98,AO,2021-08-08 23:00:17
457,Yarada,17.65,83.2667,84.52,94,75,4.61,IN,2021-08-08 23:00:17
458,Hami,42.8,93.45,82.63,19,100,6.08,CN,2021-08-08 23:00:17
459,Thiadiaye,14.4205,-16.7056,74.21,77,43,12.12,SN,2021-08-08 23:00:18
460,Ranong,9.9658,98.6348,79.34,88,80,7.09,TH,2021-08-08 23:00:18
461,Lakes Entrance,-37.8811,147.981,50.23,63,5,4.34,AU,2021-08-08 23:00:19
462,Lucea,18.451,-78.1736,86.86,74,20,14.41,JM,2021-08-08 23:00:19
463,San Jose De Guanipa,8.8872,-64.1651,78.58,78,92,5.17,VE,2021-08-08 23:00:19
464,Khaga,25.7833,81.1167,79.63,90,98,5.14,IN,2021-08-08 23:00:20
465,Kijang,35.2442,129.2139,76.73,78,98,15.08,KR,2021-08-08 23:00:20
466,Gallup,35.5281,-108.7426,88.02,14,2,4.0,US,2021-08-08 23:00:21
467,Balkanabat,39.5108,54.3671,96.31,14,0,21.43,TM,2021-08-08 23:00:21
468,Ajdabiya,30.7554,20.2263,83.32,30,0,10.6,LY,2021-08-08 23:00:21
469,Atasu,48.6814,71.6433,61.05,62,16,9.06,KZ,2021-08-08 23:00:22
470,Tijara,27.9333,76.85,86.47,75,99,1.7,IN,2021-08-08 23:00:22
471,Shu,43.5983,73.7614,78.22,27,3,10.87,KZ,2021-08-08 23:00:23
472,Ugoofaaru,5.6667,73.0,82.44,74,81,14.38,MV,2021-08-08 23:00:23
473,Toyooka,35.5333,134.8333,79.03,93,100,20.31,JP,2021-08-08 23:00:23
474,Nanakuli,21.3906,-158.1547,86.04,57,16,12.41,US,2021-08-08 23:00:24
475,Yizheng,24.6706,103.4296,62.92,98,100,1.45,CN,2021-08-08 23:00:25
476,Leshukonskoye,64.8989,45.7622,53.55,73,100,4.07,RU,2021-08-08 23:00:25
477,Skelleftea,64.7507,20.9528,57.99,69,75,3.44,SE,2021-08-08 23:00:26
478,Taybad,34.74,60.7756,81.99,16,0,15.66,IR,2021-08-08 23:00:26
479,Markova,48.6758,24.4138,65.79,64,33,5.1,UA,2021-08-08 23:00:27
480,Pontes E Lacerda,-15.2261,-59.3353,80.02,35,4,3.65,BR,2021-08-08 23:00:27
481,Imeni Poliny Osipenko,52.4201,136.4853,54.05,77,100,4.79,RU,2021-08-08 23:00:28
482,Naantali,60.4674,22.0243,61.21,100,90,4.61,FI,2021-08-08 23:00:29
483,Esmeraldas,-19.7625,-44.3139,65.26,59,92,11.07,BR,2021-08-08 23:00:29
484,Severo-Kurilsk,50.6789,156.125,55.6,88,57,11.48,RU,2021-08-08 23:00:29
485,Narsaq,60.9167,-46.05,48.42,74,9,7.54,GL,2021-08-08 23:00:30
486,Torbay,47.6666,-52.7314,56.57,92,90,17.27,CA,2021-08-08 23:00:31
487,Santo Domingo,18.5001,-69.9886,80.04,86,75,3.0,DO,2021-08-08 23:00:00
488,Sao Felix Do Xingu,-6.6447,-51.995,81.41,37,29,2.19,BR,2021-08-08 23:00:31
489,Teya,60.3778,92.6267,56.07,83,62,3.27,RU,2021-08-08 23:00:31
490,Benguela,-12.5763,13.4055,71.94,84,81,4.32,AO,2021-08-08 23:00:32
491,Chabahar,25.2919,60.643,81.5,84,13,10.04,IR,2021-08-08 23:00:32
492,Altay,47.8667,88.1167,61.63,35,24,6.71,CN,2021-08-08 23:00:33
493,Inhambane,-23.865,35.3833,64.83,67,0,6.76,MZ,2021-08-08 23:00:33
494,Alexandria,31.2156,29.9553,80.22,78,0,10.83,EG,2021-08-08 23:00:14
495,Pindiga,9.9833,10.9333,72.72,85,96,11.81,NG,2021-08-08 23:00:33
496,Susurluk,39.9136,28.1578,65.07,77,0,1.77,TR,2021-08-08 23:00:34
497,Galesong,-5.3166,119.3661,71.62,77,29,4.7,ID,2021-08-08 23:00:34
498,Trairi,-3.2778,-39.2689,79.11,77,8,14.63,BR,2021-08-08 22:58:57
499,Usoke,-5.1667,32.35,71.6,37,55,4.63,TZ,2021-08-08 23:00:35
500,Iquique,-20.2208,-70.1431,59.11,78,14,7.72,CL,2021-08-08 23:00:35
501,Ucluelet,48.9329,-125.5528,80.04,73,14,5.95,CA,2021-08-08 23:00:35
502,Bridlington,54.0831,-0.1919,59.29,81,52,18.72,GB,2021-08-08 23:00:36
503,Wattegama,6.7989,81.4808,75.43,83,83,4.72,LK,2021-08-08 23:00:36
504,Vrangel,42.7297,133.0839,67.98,82,100,8.93,RU,2021-08-08 23:00:37
505,Chodziez,52.995,16.9198,63.41,75,94,7.18,PL,2021-08-08 23:00:37
506,Itaituba,-4.2761,-55.9836,84.36,40,51,0.98,BR,2021-08-08 23:00:38
507,Kushima,31.4583,131.2333,81.46,81,53,13.91,JP,2021-08-08 23:00:38
508,Rauma,61.1272,21.5113,62.64,95,100,11.36,FI,2021-08-08 23:00:39
509,Tessalit,20.1986,1.0114,91.98,34,99,8.23,ML,2021-08-08 23:00:39
510,Ust-Ishim,57.6935,71.1665,62.83,96,53,5.39,RU,2021-08-08 23:00:39
511,Caribou,46.8606,-68.012,72.5,55,65,0.72,US,2021-08-08 22:57:43
512,Marsh Harbour,26.5412,-77.0636,83.66,71,17,9.13,BS,2021-08-08 23:00:40
513,Abu Samrah,35.3029,37.1841,76.37,64,0,13.38,SY,2021-08-08 23:00:41
514,Adrar,20.5022,-10.0711,88.18,18,9,10.6,MR,2021-08-08 23:00:41
515,San Bartolome De Tirajana,27.9248,-15.5733,63.07,81,20,19.57,ES,2021-08-08 23:00:41
516,Hit,33.6416,42.8251,91.38,22,0,11.79,IQ,2021-08-08 23:00:42
517,Moen,69.1304,18.6123,63.32,67,90,16.11,NO,2021-08-08 23:00:42
518,Blairmore,49.6,-114.4353,51.98,87,100,3.44,CA,2021-08-08 22:59:48
519,Beloha,-25.1667,45.05,60.66,91,0,5.73,MG,2021-08-08 23:00:43
520,Pangnirtung,66.1451,-65.7125,44.6,69,100,5.35,CA,2021-08-08 23:00:43
521,Baringo,0.4667,35.9667,68.59,72,80,3.11,KE,2021-08-08 23:00:44
522,Maningrida,-12.0667,134.2667,70.02,76,21,10.22,AU,2021-08-08 23:00:44
523,Salalah,17.0151,54.0924,76.5,90,90,6.11,OM,2021-08-08 23:00:45
524,Mineiros,-17.5694,-52.5511,70.95,35,42,4.61,BR,2021-08-08 23:00:45
525,Port Hawkesbury,45.6169,-61.3485,68.18,84,58,3.0,CA,2021-08-08 23:00:45
526,Pacifica,37.6138,-122.4869,95.38,80,52,5.01,US,2021-08-08 23:00:46
527,Santa Cruz,-17.8,-63.1667,84.25,45,20,17.27,BO,2021-08-08 22:57:36
528,Batemans Bay,-35.7167,150.1833,49.91,62,56,2.59,AU,2021-08-08 23:00:46
529,Suoyarvi,62.0833,32.35,58.95,99,100,3.94,RU,2021-08-08 23:00:47
530,San Antonio Del Norte,13.8844,-87.7031,87.06,81,100,2.73,HN,2021-08-08 23:00:47
531,Sorland,67.667,12.6934,57.4,83,71,13.8,NO,2021-08-08 23:00:48
532,Shelburne,44.0787,-80.2041,77.85,80,99,7.09,CA,2021-08-08 23:00:48
533,Sambava,-14.2667,50.1667,67.53,86,46,6.8,MG,2021-08-08 23:00:48
534,Campeche,19.0,-90.5,94.37,38,51,3.69,MX,2021-08-08 22:57:56
535,Camacha,33.0833,-16.3333,67.53,73,40,6.91,PT,2021-08-08 23:00:49
536,Majene,-3.5403,118.9707,76.17,90,41,6.6,ID,2021-08-08 23:00:49
537,Suileng,47.25,127.0833,63.5,87,22,8.28,CN,2021-08-08 23:00:50
538,Krasnyy Yar,46.5331,48.3456,80.53,24,79,20.49,RU,2021-08-08 23:00:50
539,Joshimath,30.5667,79.5667,70.48,89,100,0.65,IN,2021-08-08 23:00:50
540,Portel,-1.9356,-50.8211,80.1,63,19,3.4,BR,2021-08-08 22:56:20
541,San Quintin,30.4833,-115.95,73.26,65,13,9.84,MX,2021-08-08 23:00:51
542,Tazovskiy,67.4667,78.7,50.59,72,1,10.04,RU,2021-08-08 23:00:51
543,Debre Tabor,11.85,38.0167,50.63,88,78,3.18,ET,2021-08-08 23:00:52
544,Tiznit,29.5833,-9.5,63.25,83,41,5.03,MA,2021-08-08 23:00:52
545,Quelimane,-17.8786,36.8883,64.35,94,0,3.44,MZ,2021-08-08 23:00:53
546,Marawi,7.9986,124.2928,67.64,92,100,1.68,PH,2021-08-08 23:00:53
547,Kogon,39.7228,64.5517,77.04,29,0,11.5,UZ,2021-08-08 22:59:14
548,Kashan,33.9831,51.4364,88.02,16,27,2.3,IR,2021-08-08 23:00:53
549,Kavaratti,10.5669,72.642,78.98,85,100,18.84,IN,2021-08-08 23:00:54
550,Alto Longa,-5.2511,-42.2103,87.42,27,76,4.0,BR,2021-08-08 23:00:54
551,Lensk,60.7253,114.9278,54.1,99,100,2.21,RU,2021-08-08 23:00:55
552,Bosobolo,4.1833,19.9,69.15,93,89,2.64,CD,2021-08-08 23:00:55
553,Vila Velha,-20.3297,-40.2925,68.2,82,7,6.82,BR,2021-08-08 23:00:56
554,Pizarro,4.9533,-77.366,78.94,84,67,5.97,CO,2021-08-08 23:00:56
555,Karasjok,69.4719,25.5112,57.31,64,100,16.33,NO,2021-08-08 23:00:56
556,Hirara,24.8,125.2833,77.27,100,75,6.91,JP,2021-08-08 23:00:57
557,Pushkinskiye Gory,57.0209,28.9103,62.28,88,99,7.81,RU,2021-08-08 23:00:57
558,Ust-Kan,50.9276,84.761,52.21,81,85,3.58,RU,2021-08-08 23:00:57
559,Luangwa,-15.6167,30.4167,60.22,53,0,3.15,ZM,2021-08-08 23:00:58
560,Mancio Lima,-7.6142,-72.8958,82.78,47,54,2.04,BR,2021-08-08 23:00:58
561,Kidal,18.4411,1.4078,88.32,37,37,6.2,ML,2021-08-08 23:00:58
562,Termoli,41.9888,14.9895,80.53,60,88,5.08,IT,2021-08-08 23:00:59
563,Kahului,20.8947,-156.47,81.68,63,14,7.58,US,2021-08-08 23:00:59
564,Oktyabrskiy,54.4815,53.471,55.89,61,34,1.86,RU,2021-08-08 23:01:00
565,Hambantota,6.1241,81.1185,78.55,81,94,17.05,LK,2021-08-08 23:01:00
566,Vardo,70.3705,31.1107,53.8,77,6,6.71,NO,2021-08-08 23:01:00
567,San Antonio,29.4241,-98.4936,96.1,55,33,1.01,US,2021-08-08 22:57:46
568,Sept-Iles,50.2001,-66.3821,63.25,69,2,1.99,CA,2021-08-08 23:01:01
569,Nicoya,10.1483,-85.452,77.22,89,95,1.7,CR,2021-08-08 23:01:01
570,Anuradhapura,8.3565,80.4173,76.41,87,94,11.72,LK,2021-08-08 23:00:41
571,North Branch,45.5113,-92.9802,79.09,82,100,3.87,US,2021-08-08 23:01:02
572,Bataipora,-22.2953,-53.2711,72.21,36,0,5.88,BR,2021-08-08 23:01:02
573,Shenjiamen,29.9576,122.298,79.12,80,62,5.08,CN,2021-08-08 23:01:03
574,Knysna,-34.0363,23.0471,56.86,60,100,7.2,ZA,2021-08-08 23:01:03
575,Bosaso,11.2842,49.1816,92.28,39,66,14.0,SO,2021-08-08 23:01:04
